city,x,y,terrain
1,6,5,4.586099093946212
2,3,7,4.315182508461472
3,3,1,2.5550197433391943
4,8,10,1.264721251082607
5,2,2,4.963541944842853
6,6,7,3.6352273791190775
7,10,5,4.28225472857982
8,5,8,4.11238782394616
9,4,9,4.9524743783270075
10,4,10,1.8756878228420115