city,x,y,terrain
1,8,8,1.0766301131503098
2,1,6,1.9733526243733621
3,10,6,1.0348868732634213
4,5,7,1.0958266352249826
5,3,1,1.7586539103478374
6,5,5,1.8695055315045166
7,4,2,1.2731470752855045
8,4,7,1.524284881043083
9,9,10,1.2121983518731212
10,4,2,1.72312834561808