city,x,y,terrain
1,7,4,0.8890175383242844
2,8,9,0.9959006011951688
3,6,7,0.7203508290424031
4,6,3,1.484012334299278
5,7,7,1.4036007446657979
6,3,3,1.0400306471091763
7,2,8,1.5372129440899145
8,7,6,0.7048905937654639
9,8,8,1.2016538832008505
10,4,1,1.2585515767595552